nodes,edges,density,reachable_nodes,execution_time
100,99,0.01,1,0.004120349884033203
200,199,0.005,1,0.004998922348022461
500,850,0.003406813627254509,453,0.27049922943115234
1000,2102,0.002104104104104104,896,0.6088974475860596
2000,6951,0.0017386193096548274,1940,1.5949475765228271
