nodes,edges,density,reachable_nodes,execution_time
100,99,0.01,1,0.003022909164428711
200,199,0.005,1,0.004528522491455078
500,850,0.003406813627254509,453,0.9753227233886719
1000,2102,0.002104104104104104,896,2.8016951084136963
2000,6951,0.0017386193096548274,1940,10.134260416030884
3000,17320,0.001925086139824386,2948,22.114992141723633
